Aspek,Keyword
Harga & Pembayaran,henti langgan
Harga & Pembayaran,metode bayar
Harga & Pembayaran,kartu kredit
Harga & Pembayaran,potong saldo
Harga & Pembayaran,unsubscribe
Harga & Pembayaran,masa aktif
Harga & Pembayaran,auto debit
Harga & Pembayaran,transaksi
Harga & Pembayaran,shopeepay
Harga & Pembayaran,cashback
Harga & Pembayaran,e wallet
Harga & Pembayaran,panjang
Harga & Pembayaran,invoice
Harga & Pembayaran,billing
Harga & Pembayaran,premium
Harga & Pembayaran,voucher
Harga & Pembayaran,langgan
Harga & Pembayaran,refund
Harga & Pembayaran,diskon
Harga & Pembayaran,debit
Harga & Pembayaran,bayar
Harga & Pembayaran,kupon
Harga & Pembayaran,harga
Harga & Pembayaran,promo
Harga & Pembayaran,pajak
Harga & Pembayaran,paket
Harga & Pembayaran,tarif
Harga & Pembayaran,biaya
Harga & Pembayaran,gopay
Harga & Pembayaran,tagih
Harga & Pembayaran,saldo
Harga & Pembayaran,uang
Harga & Pembayaran,dana
Harga & Pembayaran,ovo
Harga & Pembayaran,vip
Akun & Akses,tidak bisa masuk
Akun & Akses,kode verifikasi
Akun & Akses,reset password
Akun & Akses,ganti password
Akun & Akses,gagal masuk
Akun & Akses,registrasi
Akun & Akses,akun kunci
Akun & Akses,verifikasi
Akun & Akses,household
Akun & Akses,perangkat
Akun & Akses,kode otp
Akun & Akses,password
Akun & Akses,nonaktif
Akun & Akses,aktivasi
Akun & Akses,sign out
Akun & Akses,username
Akun & Akses,sign in
Akun & Akses,keluar
Akun & Akses,profil
Akun & Akses,logout
Akun & Akses,device
Akun & Akses,blokir
Akun & Akses,daftar
Akun & Akses,masuk
Akun & Akses,email
Akun & Akses,login
Akun & Akses,kunci
Akun & Akses,akun
Akun & Akses,otp
Konten,episode baru
Konten,alur cerita
Konten,update film
Konten,judul baru
Konten,dokumenter
Konten,film baru
Konten,subjudul
Konten,subtitle
Konten,program
Konten,koleksi
Konten,trailer
Konten,katalog
Konten,dubbing
Konten,episode
Konten,tonton
Konten,serial
Konten,season
Konten,series
Konten,drakor
Konten,teaser
Konten,cerita
Konten,kartun
Konten,tayang
Konten,aktris
Konten,aktor
Konten,judul
Konten,anime
Konten,drama
Konten,acara
Konten,movie
Konten,genre
Konten,siar
Konten,show
Konten,film
Konten,per
Kualitas Streaming,kualitas rendah
Kualitas Streaming,gambar hilang
Kualitas Streaming,tidak sinkron
Kualitas Streaming,sinkronisasi
Kualitas Streaming,suara hilang
Kualitas Streaming,loading lama
Kualitas Streaming,tidak jernih
Kualitas Streaming,putus putus
Kualitas Streaming,buffer lama
Kualitas Streaming,patah patah
Kualitas Streaming,framerate
Kualitas Streaming,buffering
Kualitas Streaming,kualitas
Kualitas Streaming,resolusi
Kualitas Streaming,bitrate
Kualitas Streaming,loading
Kualitas Streaming,glitch
Kualitas Streaming,gambar
Kualitas Streaming,sendat
Kualitas Streaming,video
Kualitas Streaming,pecah
Kualitas Streaming,frame
Kualitas Streaming,buram
Kualitas Streaming,delay
Kualitas Streaming,audio
Kualitas Streaming,suara
Kualitas Streaming,macet
Kualitas Streaming,blur
Kualitas Streaming,fps
Kualitas Streaming,lag
Kualitas Streaming,hd
Aplikasi & Fitur,loading aplikasi
Aplikasi & Fitur,tidak bisa buka
Aplikasi & Fitur,keluar sendiri
Aplikasi & Fitur,tidak merespon
Aplikasi & Fitur,fitur hilang
Aplikasi & Fitur,rekomendasi
Aplikasi & Fitur,force close
Aplikasi & Fitur,fitur baru
Aplikasi & Fitur,gagal buka
Aplikasi & Fitur,notifikasi
Aplikasi & Fitur,watchlist
Aplikasi & Fitur,download
Aplikasi & Fitur,aplikasi
Aplikasi & Fitur,wishlist
Aplikasi & Fitur,navigasi
Aplikasi & Fitur,history
Aplikasi & Fitur,setting
Aplikasi & Fitur,riwayat
Aplikasi & Fitur,halaman
Aplikasi & Fitur,offline
Aplikasi & Fitur,pop up
Aplikasi & Fitur,update
Aplikasi & Fitur,search
Aplikasi & Fitur,desain
Aplikasi & Fitur,tampil
Aplikasi & Fitur,sistem
Aplikasi & Fitur,server
Aplikasi & Fitur,freeze
Aplikasi & Fitur,iklan
Aplikasi & Fitur,versi
Aplikasi & Fitur,fitur
Aplikasi & Fitur,crash
Aplikasi & Fitur,error
Aplikasi & Fitur,light
Aplikasi & Fitur,layar
Aplikasi & Fitur,atur
Aplikasi & Fitur,dark
Aplikasi & Fitur,cari
Aplikasi & Fitur,hang
Aplikasi & Fitur,menu
Aplikasi & Fitur,mode
Aplikasi & Fitur,ads
Aplikasi & Fitur,bug
Aplikasi & Fitur,tv
Aplikasi & Fitur,ux
Aplikasi & Fitur,ui
